mean_fit_time,std_fit_time,mean_score_time,std_score_time,param_colsample_bytree,param_gamma,param_learning_rate,param_max_depth,param_min_child_weight,param_n_estimators,param_reg_alpha,param_reg_lambda,param_subsample,params,split0_test_score,split1_test_score,split2_test_score,split3_test_score,split4_test_score,split5_test_score,split6_test_score,split7_test_score,split8_test_score,split9_test_score,split10_test_score,split11_test_score,split12_test_score,split13_test_score,split14_test_score,split15_test_score,mean_test_score,std_test_score,rank_test_score,split0_train_score,split1_train_score,split2_train_score,split3_train_score,split4_train_score,split5_train_score,split6_train_score,split7_train_score,split8_train_score,split9_train_score,split10_train_score,split11_train_score,split12_train_score,split13_train_score,split14_train_score,split15_train_score,mean_train_score,std_train_score
0.5066761076450348,0.03131538332967866,0.002496778964996338,0.0014700470978679465,0.749816047538945,0.4753571532049581,0.22227824312530747,7,5,202,0.44583275285359114,1.1999498316360058,0.7836995567863468,"{'colsample_bytree': np.float64(0.749816047538945), 'gamma': np.float64(0.4753571532049581), 'learning_rate': np.float64(0.22227824312530747), 'max_depth': 7, 'min_child_weight': 5, 'n_estimators': 202, 'reg_alpha': np.float64(0.44583275285359114), 'reg_lambda': np.float64(1.1999498316360058), 'subsample': np.float64(0.7836995567863468)}",0.24074074074074073,0.3429193899782135,0.37079124579124584,0.29415149612889724,0.33553553553553556,0.33853702051739515,0.3502206531332745,0.20540540540540542,0.3163059163059163,0.27371210349933756,0.31009813232035455,0.25328919446566506,0.22103386809269163,0.32385213593267287,0.3228653530377668,0.4101788863693625,0.3068523173284047,0.05395240531528748,24,0.9994982704209336,0.9995278282124057,1.0,0.9978723051775132,0.9995104216326939,0.9980057657733313,0.9975095147574269,0.9995061668031635,0.999517142167346,0.9995007288069057,1.0,0.9978864853242065,0.9995260532104074,0.9973851582819643,0.9995189154763849,0.9995252572624983,0.9990181258316988,0.0008911997691475247
1.305132120847702,0.06491044555571142,0.0027026385068893433,0.001842696960481688,0.7334834444556088,0.07143340896097039,0.19875765715516733,7,2,443,0.8324426408004217,1.4246782213565523,0.6727299868828402,"{'colsample_bytree': np.float64(0.7334834444556088), 'gamma': np.float64(0.07143340896097039), 'learning_rate': np.float64(0.19875765715516733), 'max_depth': 7, 'min_child_weight': 2, 'n_estimators': 443, 'reg_alpha': np.float64(0.8324426408004217), 'reg_lambda': np.float64(1.4246782213565523), 'subsample': np.float64(0.6727299868828402)}",0.24074074074074073,0.35213675213675216,0.33390167661267406,0.27424544201011186,0.33553553553553556,0.30696991929567136,0.3450980392156863,0.16593744935990926,0.32264957264957267,0.22618773505257503,0.358974358974359,0.31789546555901693,0.22685185185185186,0.35352925839013666,0.26350588614739556,0.3510204081632653,0.2984487557309534,0.05658643078813604,39,1.0,1.0,1.0,1.0,1.0,1.0,1.0,1.0,1.0,1.0,1.0,1.0,1.0,1.0,1.0,1.0,1.0,0.0
0.5932747423648834,0.032814916319568975,0.0016500353813171387,0.0002824710652172698,0.6733618039413735,0.15212112147976886,0.16217936517334897,6,9,148,0.5247746602583891,1.799721943430511,0.6186662652854461,"{'colsample_bytree': np.float64(0.6733618039413735), 'gamma': np.float64(0.15212112147976886), 'learning_rate': np.float64(0.16217936517334897), 'max_depth': 6, 'min_child_weight': 9, 'n_estimators': 148, 'reg_alpha': np.float64(0.5247746602583891), 'reg_lambda': np.float64(1.799721943430511), 'subsample': np.float64(0.6186662652854461)}",0.24074074074074073,0.3272005772005772,0.3444444444444445,0.32011935208866155,0.33076923076923076,0.2825999598151497,0.3398221178050009,0.22586994174145802,0.3205128205128205,0.2637840311141615,0.3600819214299013,0.273238034279212,0.25311502419936155,0.29262173565971034,0.2879720853858785,0.3540031397174254,0.30105594730648344,0.04055584361174098,35,0.9989969992189748,0.9980325274792722,0.9985091366764025,1.0,1.0,0.9980059980825411,0.9975100638545186,0.9978326093184106,0.997769180122645,0.99849637706359,0.9975551617183916,0.9967151391174159,0.9995260532104074,0.9973851582819643,1.0,0.9968817387356713,0.9983260089300128,0.0010585267799962641
4.732884436845779,0.155898576640935,0.004131540656089783,0.002203405067823662,0.9895022075365837,0.11638567021515211,0.03627586601451803,8,3,463,0.5142344384136116,2.184829137724085,0.6185801650879991,"{'colsample_bytree': np.float64(0.9895022075365837), 'gamma': np.float64(0.11638567021515211), 'learning_rate': np.float64(0.03627586601451803), 'max_depth': 8, 'min_child_weight': 3, 'n_estimators': 463, 'reg_alpha': np.float64(0.5142344384136116), 'reg_lambda': np.float64(2.184829137724085), 'subsample': np.float64(0.6185801650879991)}",0.24074074074074073,0.3429193899782135,0.3080459770114942,0.29010989010989013,0.3567740182089958,0.2912011916161294,0.3502206531332745,0.19193124850799714,0.350684017350684,0.25648656898656896,0.5208955223880597,0.27486574389229257,0.2220032840722496,0.36914414414414415,0.3065134099616858,0.348667672197084,0.313825217018719,0.07379193519728902,11,1.0,1.0,1.0,1.0,1.0,1.0,1.0,1.0,1.0,1.0,1.0,1.0,1.0,1.0,1.0,1.0,1.0,0.0
2.113730564713478,0.06682101175167719,0.003103703260421753,0.0014516603169869126,0.8430179407605753,0.08526206184364576,0.02886496196573106,6,9,415,0.5632882178455393,1.7708330050798322,0.6063865008880857,"{'colsample_bytree': np.float64(0.8430179407605753), 'gamma': np.float64(0.08526206184364576), 'learning_rate': np.float64(0.02886496196573106), 'max_depth': 6, 'min_child_weight': 9, 'n_estimators': 415, 'reg_alpha': np.float64(0.5632882178455393), 'reg_lambda': np.float64(1.7708330050798322), 'subsample': np.float64(0.6063865008880857)}",0.24074074074074073,0.35213675213675216,0.3129251700680272,0.3054263565891473,0.3073015873015873,0.2996689584924879,0.357281083696178,0.17048534121704853,0.3174563277617192,0.25648656898656896,0.33809657233585505,0.2689660388775433,0.22017932130291681,0.3421843549232084,0.3228653530377668,0.368149824032177,0.2987718969687328,0.05270290997511369,38,0.978578436716834,0.9741958432487637,0.977998390888906,0.9766393048200724,0.9830862357987189,0.9760904621983593,0.9756178419845422,0.9681993436837515,0.9767288691215626,0.9749226226352116,0.9776658016226691,0.9712166240748398,0.9726223454467083,0.9808963859999517,0.97073740182884,0.9769889352625413,0.975761552833267,0.003674393976020903
0.5650968700647354,0.03278300296406091,0.0021136999130249023,0.0015650474718953726,0.6923575302488596,0.12051273301300586,0.2081464204593829,6,8,134,0.9093204020787821,1.5175599632000338,0.8650089137415928,"{'colsample_bytree': np.float64(0.6923575302488596), 'gamma': np.float64(0.12051273301300586), 'learning_rate': np.float64(0.2081464204593829), 'max_depth': 6, 'min_child_weight': 8, 'n_estimators': 134, 'reg_alpha': np.float64(0.9093204020787821), 'reg_lambda': np.float64(1.5175599632000338), 'subsample': np.float64(0.8650089137415928)}",0.24074074074074073,0.35213675213675216,0.3502195204322864,0.23436692506459947,0.34341704718417043,0.292638786989484,0.3315911730545877,0.22922052487269876,0.30833333333333335,0.22858025406386348,0.3530598096678641,0.29195976098630966,0.22766995800703668,0.3929779520767634,0.33167894921542085,0.3718654434250765,0.30502855820318675,0.05516845147683322,29,1.0,1.0,1.0,1.0,1.0,1.0,1.0,1.0,1.0,1.0,1.0,0.9995223340777377,1.0,1.0,1.0,1.0,0.9999701458798587,0.00011562451012328918
0.8575040549039841,0.040628706462149604,0.0019269585609436035,0.000637219982563794,0.7246844304357644,0.2600340105889054,0.1685459810095511,8,2,317,0.44975413336976566,1.7903004720036289,0.9706635463175177,"{'colsample_bytree': np.float64(0.7246844304357644), 'gamma': np.float64(0.2600340105889054), 'learning_rate': np.float64(0.1685459810095511), 'max_depth': 8, 'min_child_weight': 2, 'n_estimators': 317, 'reg_alpha': np.float64(0.44975413336976566), 'reg_lambda': np.float64(1.7903004720036289), 'subsample': np.float64(0.9706635463175177)}",0.24074074074074073,0.37601824698598896,0.3153153153153153,0.2795714849921011,0.3235349185545778,0.2912011916161294,0.3467479674796748,0.17094853600848217,0.31808278867102396,0.27766323024054984,0.3048699933945836,0.32403134842159237,0.2334869431643625,0.31996148908857514,0.29405371836671323,0.3356544165054804,0.2969926455966182,0.04797444546016709,43,1.0,0.9995278282124057,1.0,1.0,1.0,1.0,0.9995138446122539,1.0,1.0,1.0,1.0,1.0,1.0,0.9995135332219126,1.0,1.0,0.9999097003779107,0.00018799581714527797
0.9834103882312775,0.050069258370556015,0.0023196786642074585,0.0015522965267036268,0.8909087983425683,0.1632703844029177,0.17542875257756582,6,9,289,0.32533033076326434,1.777354579378964,0.7085396127095583,"{'colsample_bytree': np.float64(0.8909087983425683), 'gamma': np.float64(0.1632703844029177), 'learning_rate': np.float64(0.17542875257756582), 'max_depth': 6, 'min_child_weight': 9, 'n_estimators': 289, 'reg_alpha': np.float64(0.32533033076326434), 'reg_lambda': np.float64(1.777354579378964), 'subsample': np.float64(0.7085396127095583)}",0.26484857770287523,0.36287625418060204,0.3444444444444445,0.2931477093206951,0.2979706319089259,0.33275387512675647,0.3434959349593496,0.19656457624372062,0.34160873882820253,0.2860342098150508,0.3161290322580645,0.3017651798139603,0.22144194756554306,0.38789238336118775,0.28815401335196394,0.4040962919821394,0.3114514875539676,0.05352758473614562,16,1.0,1.0,1.0,1.0,1.0,1.0,1.0,1.0,1.0,1.0,1.0,1.0,1.0,1.0,1.0,1.0,1.0,0.0
1.1435176134109497,0.0322682831307606,0.002472296357154846,0.0011472133122615283,0.9314950036607718,0.17837666334679464,0.09147100780934041,6,9,256,0.8021969807540397,1.1491012873595416,0.9947547746402069,"{'colsample_bytree': np.float64(0.9314950036607718), 'gamma': np.float64(0.17837666334679464), 'learning_rate': np.float64(0.09147100780934041), 'max_depth': 6, 'min_child_weight': 9, 'n_estimators': 256, 'reg_alpha': np.float64(0.8021969807540397), 'reg_lambda': np.float64(1.1491012873595416), 'subsample': np.float64(0.9947547746402069)}",0.24074074074074073,0.3572729638303409,0.3080459770114942,0.2691548183254345,0.2998998998998999,0.3120353626682741,0.357281083696178,0.1968599033816425,0.3641588296760711,0.274709245022669,0.33357892797937,0.3109833971902937,0.2220032840722496,0.3514672983287275,0.31203007518796994,0.4040060468631897,0.30713924086715905,0.054057194931088536,22,0.9975043118583614,0.9990559851670963,0.9990610727797975,0.9973745666239592,0.9995104216326939,0.9980057657733313,0.9975095147574269,0.9968451070378048,0.9972863231087574,0.9974985046901114,0.9975551617183916,0.996237809802477,0.9974186572850584,0.9973851582819643,0.9978562211383283,0.9979719766459513,0.9977547848938445,0.0008129038175733762
1.4661128520965576,0.07564410023597981,0.0021537989377975464,0.0009798144252900398,0.908897907718663,0.0993578407670862,0.011601413965844696,5,3,180,0.71134195274865,2.5803510810624113,0.8423839899124046,"{'colsample_bytree': np.float64(0.908897907718663), 'gamma': np.float64(0.0993578407670862), 'learning_rate': np.float64(0.011601413965844696), 'max_depth': 5, 'min_child_weight': 3, 'n_estimators': 180, 'reg_alpha': np.float64(0.71134195274865), 'reg_lambda': np.float64(2.5803510810624113), 'subsample': np.float64(0.8423839899124046)}",0.24074074074074073,0.31746031746031744,0.3176733780760626,0.23030303030303031,0.32009400705052876,0.26666666666666666,0.3536613536613537,0.14198628397256796,0.3282051282051282,0.2806647940074906,0.3264591926009249,0.25328919446566506,0.20338164251207727,0.3147920022742348,0.24681238615664844,0.39921502663302494,0.28383782154915393,0.061465264337169416,50,0.6214682443602199,0.6421584191638996,0.6463440905600569,0.6637889537733109,0.6541751437236857,0.6566359334928185,0.653167785615896,0.6785979371505687,0.6393126679331286,0.6417725679019423,0.6920996885015723,0.6601362008558611,0.6432174154028458,0.6652467411818662,0.6519874439035498,0.6820732752010336,0.6557614067951409,0.017330326205796033
0.7149309813976288,0.037415209043320956,0.002200096845626831,0.0008917885006011489,0.9705203514053395,0.32553851275097223,0.2753383059076964,3,8,367,0.3308980248526492,1.1271167005720473,0.7243929286862649,"{'colsample_bytree': np.float64(0.9705203514053395), 'gamma': np.float64(0.32553851275097223), 'learning_rate': np.float64(0.2753383059076964), 'max_depth': 3, 'min_child_weight': 8, 'n_estimators': 367, 'reg_alpha': np.float64(0.3308980248526492), 'reg_lambda': np.float64(1.1271167005720473), 'subsample': np.float64(0.7243929286862649)}",0.2625069412893129,0.3201732467099783,0.3080459770114942,0.32613240418118467,0.28069317687961753,0.36826413918924933,0.30672472181906146,0.2087408787455364,0.3411382113821138,0.24221611721611724,0.32584849658020393,0.3241259951540325,0.23444621091679915,0.3817565704200105,0.3087363374653449,0.3592790651614181,0.30617678063259224,0.04757191144107588,27,1.0,1.0,1.0,1.0,1.0,1.0,0.9995138446122539,0.9995061668031635,1.0,0.9995007288069057,1.0,0.9995223340777377,0.9995260532104074,0.9990274695815184,0.9995189154763849,1.0,0.9997572195355233,0.000297537852116209
0.6924010068178177,0.045623733809120284,0.0019006282091140747,0.0010337626422705862,0.7300733288106989,0.36480308916903204,0.1948916666930118,5,3,326,0.1195942459383017,2.42648957444599,0.9043140194467589,"{'colsample_bytree': np.float64(0.7300733288106989), 'gamma': np.float64(0.36480308916903204), 'learning_rate': np.float64(0.1948916666930118), 'max_depth': 5, 'min_child_weight': 3, 'n_estimators': 326, 'reg_alpha': np.float64(0.1195942459383017), 'reg_lambda': np.float64(2.42648957444599), 'subsample': np.float64(0.9043140194467589)}",0.24074074074074073,0.3347131874630396,0.3176733780760626,0.2627906976744186,0.3104375141682049,0.2949747249479631,0.3682148499210111,0.18164251207729468,0.3165319994869822,0.2860342098150508,0.33283730158730157,0.2689660388775433,0.22766995800703668,0.3297011207970112,0.311545826217461,0.3896103896103896,0.2983802780917195,0.0512069273078472,40,1.0,0.9995278282124057,1.0,0.9995025206466622,1.0,1.0,0.9995138446122539,0.9995061668031635,0.9995167159562376,0.9995007288069057,1.0,0.9990442591604828,0.9995260532104074,0.9995135332219126,0.9995189154763849,0.9995252572624983,0.9996372389605822,0.00026919965390117314
0.46586592495441437,0.04378884840759465,0.00162525475025177,0.0007374105080617794,0.8245108790277985,0.3854835899772805,0.1532007229456733,3,3,162,0.8957635956735194,1.9507404463642235,0.8253102287905535,"{'colsample_bytree': np.float64(0.8245108790277985), 'gamma': np.float64(0.3854835899772805), 'learning_rate': np.float64(0.1532007229456733), 'max_depth': 3, 'min_child_weight': 3, 'n_estimators': 162, 'reg_alpha': np.float64(0.8957635956735194), 'reg_lambda': np.float64(1.9507404463642235), 'subsample': np.float64(0.8253102287905535)}",0.24074074074074073,0.3079710144927536,0.33902877697841727,0.31314049169569386,0.30916362371761436,0.3159275154983309,0.32885535517114467,0.1561335277912818,0.3143944252062759,0.24952337375123923,0.31368631368631367,0.25187202178352625,0.2338501291989664,0.3644007439436439,0.3623962945996844,0.39281705948372614,0.2996188379837096,0.057785656450477244,36,0.9657616416452076,0.9666874529541741,0.96826738574281,0.9702574806438736,0.9708665712450255,0.9674236445555424,0.974980878789682,0.9607882651780301,0.9619581819357567,0.9635389860452515,0.9686389331574784,0.9711064148594039,0.9657696283167342,0.9734939298851204,0.9698615622446133,0.9674632458577227,0.9679290126910266,0.003762353993250308
0.9755308032035828,0.05472674007746149,0.0022452175617218018,0.000877063562484145,0.878206434570451,0.06966572720293784,0.185281039990567,9,4,112,0.07697990982879299,1.579502905827536,0.6644885149016018,"{'colsample_bytree': np.float64(0.878206434570451), 'gamma': np.float64(0.06966572720293784), 'learning_rate': np.float64(0.185281039990567), 'max_depth': 9, 'min_child_weight': 4, 'n_estimators': 112, 'reg_alpha': np.float64(0.07697990982879299), 'reg_lambda': np.float64(1.579502905827536), 'subsample': np.float64(0.6644885149016018)}",0.24074074074074073,0.3572729638303409,0.37931034482758624,0.27698032961190855,0.3068713724021719,0.3298998569384835,0.3257135945815191,0.19159663865546217,0.36262885547814044,0.27101449275362316,0.5158371040723982,0.3077711858199663,0.2785714285714286,0.36075036075036077,0.3539768242240535,0.3397065897065897,0.3249151676852983,0.06940902977995182,2,1.0,1.0,1.0,1.0,1.0,1.0,1.0,1.0,1.0,1.0,1.0,1.0,1.0,1.0,1.0,1.0,1.0,0.0
1.0780338048934937,0.028647077451220034,0.00202023983001709,0.0006535491303274957,0.9718790609370292,0.4040601897822085,0.19368708938802282,8,4,385,0.8832802589188683,1.648690042010548,0.6488351818802693,"{'colsample_bytree': np.float64(0.9718790609370292), 'gamma': np.float64(0.4040601897822085), 'learning_rate': np.float64(0.19368708938802282), 'max_depth': 8, 'min_child_weight': 4, 'n_estimators': 385, 'reg_alpha': np.float64(0.8832802589188683), 'reg_lambda': np.float64(1.648690042010548), 'subsample': np.float64(0.6488351818802693)}",0.24074074074074073,0.3079710144927536,0.3004694835680751,0.3070847851335656,0.329464861379755,0.2996689584924879,0.33522906793048973,0.16548405513416523,0.31396888447533927,0.24916056166056166,0.31899024670109005,0.3017651798139603,0.36002254632565345,0.3641192411924119,0.3174455312322103,0.41111111111111115,0.3076685168365232,0.05384941947643697,21,0.9994982704209336,0.9995278282124057,0.9980398455524649,0.9990054820266246,0.9995104216326939,0.9995014465758888,0.997996025296843,0.9978326093184106,0.9972863231087574,0.9979972690108029,0.9975551617183916,0.9978864853242065,0.9969444693990028,0.9973851582819643,0.9978562211383283,0.999050895864742,0.9983046195551538,0.0008663160211944442
0.8936382681131363,0.05079251043674931,0.002820611000061035,0.0015956873191284077,0.7425191352307899,0.453414220772877,0.08891835232154423,5,9,215,0.352568856334169,1.609562516316058,0.6658623412571767,"{'colsample_bytree': np.float64(0.7425191352307899), 'gamma': np.float64(0.453414220772877), 'learning_rate': np.float64(0.08891835232154423), 'max_depth': 5, 'min_child_weight': 9, 'n_estimators': 215, 'reg_alpha': np.float64(0.352568856334169), 'reg_lambda': np.float64(1.609562516316058), 'subsample': np.float64(0.6658623412571767)}",0.2529715762273902,0.35213675213675216,0.37931034482758624,0.29415149612889724,0.2974621286641747,0.3378950798305637,0.35373054213633925,0.20112044817927174,0.3175084175084175,0.2559046090346251,0.33283730158730157,0.3159371492704826,0.2422893481717011,0.39200441135925007,0.3458538587848932,0.43300653594771243,0.3190074999872099,0.058497958599760314,6,0.9939885568814866,0.9944233884135077,0.9960694303500698,0.995234911733597,0.9980141676691471,0.9939869453931361,0.9939561849853723,0.9900141547604626,0.9937464058433525,0.9944590276937207,0.9945592753134479,0.9936205800792665,0.9924394126103923,0.9917576717924991,0.9952183992982944,0.9927690784342934,0.9940160994532529,0.001753216391037971
0.8060672432184219,0.028272596253460996,0.002283066511154175,0.0010530232666410128,0.8136357677501768,0.2424149856794916,0.2108064495381784,4,8,414,0.32320293202075523,2.0375812434867324,0.881207583558071,"{'colsample_bytree': np.float64(0.8136357677501768), 'gamma': np.float64(0.2424149856794916), 'learning_rate': np.float64(0.2108064495381784), 'max_depth': 4, 'min_child_weight': 8, 'n_estimators': 414, 'reg_alpha': np.float64(0.32320293202075523), 'reg_lambda': np.float64(2.0375812434867324), 'subsample': np.float64(0.881207583558071)}",0.26484857770287523,0.33088512241054613,0.3105022831050228,0.28537533444393964,0.29892665474060826,0.3281609195402299,0.3582731338149294,0.20512820512820515,0.35685685685685686,0.2594670406732118,0.3184496124031008,0.26904761904761904,0.22103386809269163,0.3261097325613455,0.3174455312322103,0.4244897959183674,0.304687517979485,0.0525869618683068,30,1.0,0.9995278282124057,1.0,0.9995025206466622,0.9995104216326939,1.0,0.9995138446122539,0.9995061668031635,1.0,1.0,1.0,1.0,0.9995260532104074,0.9995135332219126,1.0,0.9995252572624983,0.9997578516001249,0.00024223177955584694
0.584844708442688,0.02513833406784235,0.0018678456544876099,0.0007158687354836808,0.7454518409517176,0.48589104136048034,0.28910971553321224,8,7,485,0.712270589924442,1.2961738599067998,0.9990961940195767,"{'colsample_bytree': np.float64(0.7454518409517176), 'gamma': np.float64(0.48589104136048034), 'learning_rate': np.float64(0.28910971553321224), 'max_depth': 8, 'min_child_weight': 7, 'n_estimators': 485, 'reg_alpha': np.float64(0.712270589924442), 'reg_lambda': np.float64(1.2961738599067998), 'subsample': np.float64(0.9990961940195767)}",0.24074074074074073,0.37601824698598896,0.3176733780760626,0.2550164719976041,0.30980646089646735,0.277534705342192,0.34149733913884855,0.18125101280181496,0.3165044343499892,0.2607428413880027,0.2744706594071385,0.24322344322344325,0.23543743078626797,0.3343498318867777,0.2960312296681848,0.3809703368526898,0.2900792852213883,0.05249095522274539,48,0.9862176173357935,0.988867869049528,0.9910357685137136,0.9892344856189802,0.9924122660585613,0.988426365761144,0.9862317726578113,0.9877763138632704,0.987207691967357,0.986652504280919,0.9861353842114813,0.9864987791529849,0.9907531819190515,0.9880053564264091,0.9908617683124169,0.9910356660039751,0.9885845494458374,0.0020184815158379417
0.9910818338394165,0.06501011111093674,0.002092033624649048,0.0008329043946034978,0.706712405710114,0.48830747791632645,0.12920073386228706,9,5,323,0.9082658859666537,1.4791237813339448,0.6579579488364892,"{'colsample_bytree': np.float64(0.706712405710114), 'gamma': np.float64(0.48830747791632645), 'learning_rate': np.float64(0.12920073386228706), 'max_depth': 9, 'min_child_weight': 5, 'n_estimators': 323, 'reg_alpha': np.float64(0.9082658859666537), 'reg_lambda': np.float64(1.4791237813339448), 'subsample': np.float64(0.6579579488364892)}",0.24074074074074073,0.37601824698598896,0.3105022831050228,0.2853157358227373,0.33553553553553556,0.31716514282762537,0.36557811120917916,0.17198067632850242,0.3807268951194185,0.2780446884770838,0.33077190652373273,0.26904761904761904,0.2606516290726817,0.33963431786216597,0.340311986863711,0.4040060468631897,0.31287697264905845,0.05791991437783395,12,0.996504093027295,0.9975606846368832,0.9975703898310876,0.994736913308882,0.9975243933665922,0.9955030933217636,0.9954953253974393,0.9961455039242125,0.9955239108723709,0.9944590276937207,0.9975551617183916,0.9978864853242065,0.9952979482530339,0.9934377020899151,0.9950741722476577,0.9959329827430378,0.9960129867347806,0.0012770504640066001
1.079550415277481,0.046439313318607386,0.0026877373456954956,0.0009323250323814846,0.7957811041110252,0.49282522705530035,0.0801960287383351,6,7,302,0.36965445606140446,1.4843198765548518,0.9212559025519583,"{'colsample_bytree': np.float64(0.7957811041110252), 'gamma': np.float64(0.49282522705530035), 'learning_rate': np.float64(0.0801960287383351), 'max_depth': 6, 'min_child_weight': 7, 'n_estimators': 302, 'reg_alpha': np.float64(0.36965445606140446), 'reg_lambda': np.float64(1.4843198765548518), 'subsample': np.float64(0.9212559025519583)}",0.24074074074074073,0.3079710144927536,0.3176733780760626,0.2795714849921011,0.3073015873015873,0.2890461215932914,0.357281083696178,0.17641301688279912,0.32619383523577444,0.2709524898955235,0.4981962481962482,0.3017651798139603,0.22017932130291681,0.3163102725366876,0.3065134099616858,0.39178338001867413,0.30674328529606154,0.06992147704243479,25,0.9955009993563196,0.9955829959325104,0.9975703898310876,0.9947354999053334,0.9980409113232124,0.9939862364882517,0.9954953253974393,0.9912487356438809,0.9937464058433525,0.9949849975788231,0.9960623336203102,0.996237809802477,0.9943486738125422,0.9952435263548973,0.9930476806759331,0.9938822494091922,0.9949821731859727,0.0016130667792321192
1.3513770550489426,0.047137023192260256,0.0020333826541900635,0.0006842541667008775,0.7881202537784153,0.4917115704474215,0.1256590883089204,9,1,300,0.32078006497173583,1.3730370207997085,0.6163100566219055,"{'colsample_bytree': np.float64(0.7881202537784153), 'gamma': np.float64(0.4917115704474215), 'learning_rate': np.float64(0.1256590883089204), 'max_depth': 9, 'min_child_weight': 1, 'n_estimators': 300, 'reg_alpha': np.float64(0.32078006497173583), 'reg_lambda': np.float64(1.3730370207997085), 'subsample': np.float64(0.6163100566219055)}",0.24074074074074073,0.3572729638303409,0.37079124579124584,0.2825361512791991,0.34341704718417043,0.3120353626682741,0.35050993022007515,0.19631351439523692,0.3478048780487805,0.27766323024054984,0.5208955223880597,0.27485380116959063,0.2868613871323898,0.2930171277997365,0.29436112454980384,0.3917714884696017,0.3213028447442372,0.07118017513147706,3,0.9994982704209336,0.9995278282124057,1.0,0.9995025206466622,1.0,0.9985041284503913,0.9984818109270686,0.9995061668031635,0.9995167159562376,0.9979972690108029,1.0,0.9995223340777377,0.9995260532104074,0.9995135332219126,1.0,1.0,0.9994435394336076,0.0005856687824931696
1.938073918223381,0.06148809047492807,0.0022951066493988037,0.0008490698233560114,0.8363571772752967,0.3387821809211412,0.014810470389078283,5,3,247,0.6451727904094499,1.3487328580099829,0.8763750952409863,"{'colsample_bytree': np.float64(0.8363571772752967), 'gamma': np.float64(0.3387821809211412), 'learning_rate': np.float64(0.014810470389078283), 'max_depth': 5, 'min_child_weight': 3, 'n_estimators': 247, 'reg_alpha': np.float64(0.6451727904094499), 'reg_lambda': np.float64(1.3487328580099829), 'subsample': np.float64(0.8763750952409863)}",0.24074074074074073,0.3839572192513369,0.3153153153153153,0.23030303030303031,0.3349077822762034,0.28136500501840084,0.35172195892575037,0.14198628397256796,0.3179731638418079,0.27311777569509527,0.3081232492997199,0.28671775223499363,0.22685185185185186,0.32427409988385597,0.2999534233814625,0.3913098878695209,0.29428865874135335,0.06118903966807511,46,0.7782432850937454,0.7942193454812418,0.7953020558709311,0.806959967492373,0.8016649387509855,0.8109189650416049,0.809517514106715,0.8226776389985367,0.7878379617456991,0.8000722947613176,0.8194638903154964,0.8097317183909638,0.7797605934130513,0.8185963391543422,0.8089385755787898,0.8096555649109677,0.8033475405691726,0.012929847836036196
1.3314162641763687,0.04727272355305114,0.0023978203535079956,0.0014943316227142135,0.7546941385202149,0.46836499436836726,0.04988107380233804,6,9,250,0.5414479738275658,2.391568798690164,0.6914200087189198,"{'colsample_bytree': np.float64(0.7546941385202149), 'gamma': np.float64(0.46836499436836726), 'learning_rate': np.float64(0.04988107380233804), 'max_depth': 6, 'min_child_weight': 9, 'n_estimators': 250, 'reg_alpha': np.float64(0.5414479738275658), 'reg_lambda': np.float64(2.391568798690164), 'subsample': np.float64(0.6914200087189198)}",0.24074074074074073,0.36906906906906906,0.3080459770114942,0.26537978656622724,0.32049191466231824,0.2996689584924879,0.33202614379084966,0.14285714285714285,0.35685685685685686,0.2780320366132723,0.34065153620503325,0.2689660388775433,0.22685185185185186,0.4105974124809741,0.32778541253117527,0.33535353535353535,0.30146090087253574,0.062041424410920726,33,0.9840340058575238,0.9824497308716515,0.9857795666857067,0.9897323854690222,0.9851574678203727,0.9846079512447012,0.983874972495063,0.9738436617096853,0.9800847655256578,0.9811371470132499,0.9822758688651726,0.9795525309898904,0.9851585114578585,0.9821741150040514,0.9790952090312733,0.9852159304632377,0.9827608637815074,0.0034931137022029017
0.7132224589586258,0.05161302100768556,0.002731338143348694,0.0020164783982483687,0.6699819708383744,0.4910841716647178,0.15982440846859414,3,2,484,0.09310276780589921,2.7944315159066537,0.9601672228653322,"{'colsample_bytree': np.float64(0.6699819708383744), 'gamma': np.float64(0.4910841716647178), 'learning_rate': np.float64(0.15982440846859414), 'max_depth': 3, 'min_child_weight': 2, 'n_estimators': 484, 'reg_alpha': np.float64(0.09310276780589921), 'reg_lambda': np.float64(2.7944315159066537), 'subsample': np.float64(0.9601672228653322)}",0.24074074074074073,0.2958801498127341,0.3129251700680272,0.2882896685562535,0.3068713724021719,0.2815478412342914,0.3315911730545877,0.18628153099387287,0.3066735466116271,0.23524027459954233,0.27875946628200504,0.29523809523809524,0.24105090311986865,0.36755235072043474,0.3284072249589491,0.36109036594473487,0.2911337421461211,0.0462210452295348,47,0.9894527291794573,0.9899006707185146,0.9902044594893362,0.9851321951014137,0.9855464160054588,0.9857862665271119,0.9885166862532625,0.9896917738168121,0.9897004599287027,0.9844078590058766,0.9877950130538121,0.9876312711678565,0.9888770478027781,0.9875931717198602,0.9901320986650335,0.9862784382978607,0.9879154097958217,0.0018900983179158135
1.216540664434433,0.05363973973755917,0.00191555917263031,0.00040079791487924066,0.8532405829093072,0.16951489552435034,0.11127077663767164,5,4,251,0.4045081271221901,2.7755401975219196,0.9403713795070051,"{'colsample_bytree': np.float64(0.8532405829093072), 'gamma': np.float64(0.16951489552435034), 'learning_rate': np.float64(0.11127077663767164), 'max_depth': 5, 'min_child_weight': 4, 'n_estimators': 251, 'reg_alpha': np.float64(0.4045081271221901), 'reg_lambda': np.float64(2.7755401975219196), 'subsample': np.float64(0.9403713795070051)}",0.24074074074074073,0.35213675213675216,0.3153153153153153,0.28246980133772587,0.31225016118633137,0.29089301503094606,0.357281083696178,0.18600640551860062,0.326281389748882,0.23482245131729665,0.31363636363636366,0.3462401795735129,0.22017932130291681,0.326832477957626,0.30039525691699603,0.368149824032177,0.2983519087155226,0.05137836378426067,41,1.0,1.0,1.0,1.0,1.0,1.0,0.9995138446122539,0.9995061668031635,1.0,1.0,1.0,1.0,1.0,1.0,0.9995189154763849,1.0,0.9999086829307376,0.000190105183381397
0.9614365249872208,0.03361907704446617,0.001980200409889221,0.0007179074454565944,0.9742539976883791,0.3926703255569718,0.2040065938671263,8,3,211,0.1014715428660321,2.3270035382161116,0.6020246335384875,"{'colsample_bytree': np.float64(0.9742539976883791), 'gamma': np.float64(0.3926703255569718), 'learning_rate': np.float64(0.2040065938671263), 'max_depth': 8, 'min_child_weight': 3, 'n_estimators': 211, 'reg_alpha': np.float64(0.1014715428660321), 'reg_lambda': np.float64(2.3270035382161116), 'subsample': np.float64(0.6020246335384875)}",0.24074074074074073,0.33871301469066833,0.37931034482758624,0.29047072330654417,0.3177196804647785,0.29731766124171183,0.3552175587216018,0.22021151586368978,0.35286329030122476,0.25648656898656896,0.30431372549019614,0.3164782021193372,0.2621951219512195,0.3901494723526083,0.3011006289308176,0.3653039832285115,0.3117870145761128,0.04854428527413884,15,0.9994982704209336,1.0,1.0,1.0,1.0,1.0,1.0,1.0,1.0,1.0,0.999518753862411,0.9995223340777377,0.9995260532104074,1.0,1.0,1.0,0.9998790882232181,0.0002094943590943126
0.7060557752847672,0.022089832165155095,0.0023074597120285034,0.00105339948977292,0.6643232205669994,0.27436689468329306,0.21064960733088103,7,9,260,0.018075363615520867,1.9877874303668692,0.6715290836885315,"{'colsample_bytree': np.float64(0.6643232205669994), 'gamma': np.float64(0.27436689468329306), 'learning_rate': np.float64(0.21064960733088103), 'max_depth': 7, 'min_child_weight': 9, 'n_estimators': 260, 'reg_alpha': np.float64(0.018075363615520867), 'reg_lambda': np.float64(1.9877874303668692), 'subsample': np.float64(0.6715290836885315)}",0.23875968992248062,0.3272005772005772,0.3080459770114942,0.3035409035409035,0.32061443932411676,0.3467334287076776,0.3511215528332494,0.19586894586894588,0.3920259188304777,0.26376811594202904,0.32610307749351136,0.3451713395638629,0.2527151211361738,0.3200938495056142,0.4020361990950227,0.4307692307692308,0.32028552292158546,0.05953154713866683,4,1.0,1.0,1.0,1.0,1.0,1.0,1.0,1.0,1.0,1.0,1.0,1.0,1.0,1.0,1.0,1.0,1.0,0.0
0.6609360724687576,0.028304528522498502,0.0018123537302017212,0.0007223182278649404,0.7465875138331439,0.37208526152828114,0.21907257803311747,3,3,474,0.25046181860558414,2.1797416951210877,0.9915571433100037,"{'colsample_bytree': np.float64(0.7465875138331439), 'gamma': np.float64(0.37208526152828114), 'learning_rate': np.float64(0.21907257803311747), 'max_depth': 3, 'min_child_weight': 3, 'n_estimators': 474, 'reg_alpha': np.float64(0.25046181860558414), 'reg_lambda': np.float64(2.1797416951210877), 'subsample': np.float64(0.9915571433100037)}",0.26484857770287523,0.29795158286778395,0.2978723404255319,0.27424544201011186,0.2863372093023256,0.33784219001610305,0.3348631950573698,0.2013209198694995,0.3065134099616858,0.24243117516967896,0.2840862840862841,0.31719989062072734,0.24105090311986865,0.35652582962709545,0.3462793068297656,0.3393199233716475,0.2955430112523971,0.04214942606470296,44,0.9862715744400526,0.9821071839064789,0.9889102758811138,0.9857738557457624,0.9849848444121375,0.9849489964889137,0.9859766534959933,0.9842784167621385,0.9900527607163253,0.9826520840551369,0.9877350720485384,0.9904927591806594,0.9848378384630511,0.9863971656478587,0.9836953264751114,0.9892564877425425,0.9861482059663634,0.00245904049998525
1.363459438085556,0.03759861872751652,0.0023093074560165405,0.0010608879022445889,0.794696861183782,0.453049393859277,0.13597436599802432,7,1,383,0.6689240596630996,2.7283351301438064,0.6920741072966221,"{'colsample_bytree': np.float64(0.794696861183782), 'gamma': np.float64(0.453049393859277), 'learning_rate': np.float64(0.13597436599802432), 'max_depth': 7, 'min_child_weight': 1, 'n_estimators': 383, 'reg_alpha': np.float64(0.6689240596630996), 'reg_lambda': np.float64(2.7283351301438064), 'subsample': np.float64(0.6920741072966221)}",0.24074074074074073,0.3429193899782135,0.37079124579124584,0.26796970178505214,0.32648401826484014,0.318605437249505,0.33522906793048973,0.17647058823529413,0.3113603322949117,0.27079037800687283,0.3600819214299013,0.2948581181992746,0.26114715271341776,0.35555555555555557,0.31951835725420635,0.3534591194968553,0.3066238203078986,0.05042976882411029,26,0.9980063187141001,0.9995278282124057,0.9995303634367597,0.9978723051775132,1.0,0.9980057657733313,0.9995138446122539,0.9978326093184106,0.9995167159562376,0.9974976524982778,0.998036221989539,0.9995223340777377,0.9974186572850584,0.9990274695815184,0.9978562211383283,0.9995252572624983,0.9986680978146232,0.0008832839682552673
0.279533252120018,0.019307048956984207,0.0015976577997207642,0.0006510242200318344,0.7996773519539009,0.28600209960459155,0.2328806641488296,3,5,105,0.3701587002554444,1.0309132330577349,0.9713274250350902,"{'colsample_bytree': np.float64(0.7996773519539009), 'gamma': np.float64(0.28600209960459155), 'learning_rate': np.float64(0.2328806641488296), 'max_depth': 3, 'min_child_weight': 5, 'n_estimators': 105, 'reg_alpha': np.float64(0.3701587002554444), 'reg_lambda': np.float64(1.0309132330577349), 'subsample': np.float64(0.9713274250350902)}",0.2529715762273902,0.33088512241054613,0.3129251700680272,0.26796970178505214,0.3235349185545778,0.32994158658375733,0.3187361769352291,0.1714470912331875,0.30655270655270656,0.273881876266168,0.31450719822812845,0.2946127946127946,0.2338501291989664,0.31968258828332313,0.35263675412720596,0.42740740740740746,0.30197142490465423,0.05440285208584335,32,0.9639452826499091,0.95815521668945,0.9636769778244542,0.9695500840125074,0.9633354816991667,0.9652584679428188,0.9663215543142342,0.9644292983870582,0.9695803385533003,0.9642383430262217,0.9715239393821341,0.9646643235253256,0.9678163095373319,0.9683551767219679,0.9597862989799602,0.9703987657713594,0.965689741188575,0.003600929851433783
0.5309468805789948,0.03352228905107934,0.0021878033876419067,0.0009772007375058467,0.7712736593269257,0.4833274095218348,0.28944979335588333,3,4,290,0.30569701928718185,1.381822062300692,0.7073899427560627,"{'colsample_bytree': np.float64(0.7712736593269257), 'gamma': np.float64(0.4833274095218348), 'learning_rate': np.float64(0.28944979335588333), 'max_depth': 3, 'min_child_weight': 4, 'n_estimators': 290, 'reg_alpha': np.float64(0.30569701928718185), 'reg_lambda': np.float64(1.381822062300692), 'subsample': np.float64(0.7073899427560627)}",0.23875968992248062,0.3429193899782135,0.3080459770114942,0.3136629452418926,0.31562238930659986,0.35371850696475376,0.3398221178050009,0.22614922614922617,0.32649315982649313,0.30090611143242724,0.3213530655391121,0.2822671156004489,0.24477861319966585,0.37707646725922966,0.2888010540184453,0.380429094714809,0.3100503077481433,0.0443387214721455,19,0.9994982704209336,1.0,0.9995303634367597,0.9985075619399867,0.9990204556616061,0.9995014465758888,0.9995138446122539,0.9995061668031635,0.9995167159562376,0.9974976524982778,0.9990378819492743,0.9995223340777377,0.999052511793074,0.9990274695815184,0.9990374120785835,0.9995252572624983,0.9992059590404871,0.0005559099790733973
1.4937186241149902,0.0408048552946811,0.002468198537826538,0.0007834523928204752,0.7941119497105262,0.18634343354702465,0.12446052537474693,8,3,459,0.0704161308495439,1.4178374352307204,0.8684574067296202,"{'colsample_bytree': np.float64(0.7941119497105262), 'gamma': np.float64(0.18634343354702465), 'learning_rate': np.float64(0.12446052537474693), 'max_depth': 8, 'min_child_weight': 3, 'n_estimators': 459, 'reg_alpha': np.float64(0.0704161308495439), 'reg_lambda': np.float64(1.4178374352307204), 'subsample': np.float64(0.8684574067296202)}",0.24074074074074073,0.3137254901960784,0.3153153153153153,0.3003721424774057,0.2998998998998999,0.3020300635363397,0.3433092535259718,0.2065217391304348,0.3452380952380952,0.27075702075702074,0.3281159420289855,0.267969067969068,0.26012058570198104,0.33404237216029947,0.2939244663382594,0.43286195286195284,0.3034340092423655,0.04969951001908506,31,1.0,1.0,1.0,1.0,1.0,1.0,1.0,1.0,1.0,1.0,1.0,1.0,1.0,1.0,1.0,1.0,1.0,0.0
1.004520133137703,0.027471519561932254,0.001655489206314087,0.00024493608829921924,0.7434587125184655,0.12708182453486938,0.09563427064149223,4,1,203,0.697015740995268,2.4049681679742188,0.743796460487902,"{'colsample_bytree': np.float64(0.7434587125184655), 'gamma': np.float64(0.12708182453486938), 'learning_rate': np.float64(0.09563427064149223), 'max_depth': 4, 'min_child_weight': 1, 'n_estimators': 203, 'reg_alpha': np.float64(0.697015740995268), 'reg_lambda': np.float64(2.4049681679742188), 'subsample': np.float64(0.743796460487902)}",0.24074074074074073,0.3272005772005772,0.3105022831050228,0.27976564134756227,0.2778207607994842,0.2890461215932914,0.3251231527093596,0.18159028593811202,0.3265887478530434,0.2637840311141615,0.3265330904675167,0.3012987012987013,0.22766995800703668,0.3899122807017544,0.29918053646867204,0.35161135161135165,0.29489801630977425,0.04894079310638105,45,0.9994982704209336,0.9985824933687003,0.9990603798432979,0.9995025206466622,0.9975501669240826,0.998503062548837,0.9985415338367618,0.9958553460445642,0.9980660075070951,0.9974985391568137,0.9956271510006772,0.9990442591604828,0.9976282300417552,0.9985405996657377,0.9964124682944555,0.999050895864742,0.99806012027035,0.0011802617827827335
0.2517731934785843,0.020856948135661284,0.001977890729904175,0.0009541700120784369,0.7174367377057973,0.4046805777392568,0.2449328844569624,3,8,112,0.08159418040024036,1.0103697255479736,0.8511577659794545,"{'colsample_bytree': np.float64(0.7174367377057973), 'gamma': np.float64(0.4046805777392568), 'learning_rate': np.float64(0.2449328844569624), 'max_depth': 3, 'min_child_weight': 8, 'n_estimators': 112, 'reg_alpha': np.float64(0.08159418040024036), 'reg_lambda': np.float64(1.0103697255479736), 'subsample': np.float64(0.8511577659794545)}",0.24074074074074073,0.3,0.3176733780760626,0.27700258397932814,0.2951977401129943,0.32514619883040935,0.34486566065513435,0.19130434782608696,0.34220203331170235,0.28453608247422685,0.3352495837652751,0.302707136997539,0.24871373836891078,0.3163102725366876,0.311545826217461,0.385839246663989,0.30118966065978425,0.04505642572655719,34,0.9666009922761614,0.9685230609967107,0.9638605545455959,0.9795217962970845,0.9738917670253944,0.968900606735915,0.9727800993719331,0.9662743977236672,0.9745097612043399,0.9700921696641296,0.9688804990083666,0.9651351587133589,0.9674424480139008,0.9779245484680751,0.9687979059497577,0.9743116518854901,0.9704654636174925,0.004410430773258292
1.719461351633072,0.09931605360685103,0.002988576889038086,0.0011527986589273498,0.6777095814048169,0.03547045849996383,0.12506730989202763,8,3,242,0.375582952639944,1.187963879681738,0.8313120563984696,"{'colsample_bytree': np.float64(0.6777095814048169), 'gamma': np.float64(0.03547045849996383), 'learning_rate': np.float64(0.12506730989202763), 'max_depth': 8, 'min_child_weight': 3, 'n_estimators': 242, 'reg_alpha': np.float64(0.375582952639944), 'reg_lambda': np.float64(1.187963879681738), 'subsample': np.float64(0.8313120563984696)}",0.24074074074074073,0.36287625418060204,0.37079124579124584,0.3035409035409035,0.3048172757475083,0.2890461215932914,0.3502206531332745,0.21636030874512613,0.34504927462673934,0.2914089347079038,0.35203890759446316,0.267969067969068,0.30367585630743527,0.3218086572925283,0.3297827903091061,0.461509172724126,0.3194772603127539,0.055553317549751804,5,1.0,1.0,1.0,1.0,1.0,1.0,1.0,1.0,1.0,1.0,1.0,1.0,1.0,1.0,1.0,1.0,1.0,0.0
1.029526636004448,0.03564316122969684,0.0023533254861831665,0.0005576988207883552,0.6143769095186968,0.23279900906623008,0.16736694406519723,7,6,413,0.8604046183116753,1.500502721031728,0.6155338937717693,"{'colsample_bytree': np.float64(0.6143769095186968), 'gamma': np.float64(0.23279900906623008), 'learning_rate': np.float64(0.16736694406519723), 'max_depth': 7, 'min_child_weight': 6, 'n_estimators': 413, 'reg_alpha': np.float64(0.8604046183116753), 'reg_lambda': np.float64(1.500502721031728), 'subsample': np.float64(0.6155338937717693)}",0.2529715762273902,0.35213675213675216,0.3564463705308776,0.26796970178505214,0.3119967083994592,0.32230931939778523,0.3544218828662527,0.2108262108262108,0.33446712018140584,0.2760942760942761,0.3503180661577608,0.3241259951540325,0.25311502419936155,0.3632478632478633,0.3164859775029267,0.374693176239568,0.31385162630918595,0.046469268657664764,10,1.0,1.0,1.0,0.9978723051775132,1.0,1.0,1.0,1.0,1.0,1.0,1.0,1.0,1.0,1.0,1.0,0.9995256380067782,0.9998373714490182,0.000520152371230018
1.1307657361030579,0.03546697387384561,0.00330352783203125,0.002717558112733173,0.7213062058692892,0.2685412135983277,0.10472886012085185,7,5,202,0.085347464993768,1.1033634423372154,0.8125418526272592,"{'colsample_bytree': np.float64(0.7213062058692892), 'gamma': np.float64(0.2685412135983277), 'learning_rate': np.float64(0.10472886012085185), 'max_depth': 7, 'min_child_weight': 5, 'n_estimators': 202, 'reg_alpha': np.float64(0.085347464993768), 'reg_lambda': np.float64(1.1033634423372154), 'subsample': np.float64(0.8125418526272592)}",0.24074074074074073,0.3079710144927536,0.3153153153153153,0.2432594042183083,0.3015613652868555,0.32951362363127074,0.3502206531332745,0.2257834757834758,0.3442575285565939,0.25046296296296294,0.5133203378817414,0.32403134842159237,0.22103386809269163,0.32280701754385965,0.3054187192118227,0.4567695301640256,0.3157791815898303,0.07656974166264789,7,1.0,1.0,1.0,1.0,1.0,1.0,1.0,1.0,1.0,1.0,1.0,1.0,1.0,1.0,1.0,1.0,1.0,0.0
0.7989965081214905,0.047955615019660426,0.002531096339225769,0.001483507810229859,0.8162540486440426,0.3187149507491033,0.22056648677957183,7,2,223,0.7145951041799521,1.0821350335357516,0.7595283605779178,"{'colsample_bytree': np.float64(0.8162540486440426), 'gamma': np.float64(0.3187149507491033), 'learning_rate': np.float64(0.22056648677957183), 'max_depth': 7, 'min_child_weight': 2, 'n_estimators': 223, 'reg_alpha': np.float64(0.7145951041799521), 'reg_lambda': np.float64(1.0821350335357516), 'subsample': np.float64(0.7595283605779178)}",0.24074074074074073,0.2958801498127341,0.3632478632478633,0.26846620631931367,0.3068713724021719,0.2736897274633124,0.3682148499210111,0.19631351439523692,0.3202581926514399,0.2594670406732118,0.34065153620503325,0.25695260477869175,0.24064171122994651,0.30041356492969395,0.30241545893719807,0.42309941520467836,0.2973327468070174,0.055223916623312545,42,0.9994982704209336,0.9995278282124057,1.0,0.9995025206466622,1.0,1.0,0.9995138446122539,1.0,1.0,0.9995007288069057,0.999518753862411,0.9995223340777377,0.9995260532104074,0.9995135332219126,0.9995189154763849,0.9995252572624983,0.9996667524881571,0.00022483074784979953
1.3408061414957047,0.04635253244982075,0.0022436678409576416,0.0009649964519970282,0.7734082950322968,0.3720213214995577,0.08274955293053174,4,5,417,0.8359801205122058,2.391948412187396,0.763581177765708,"{'colsample_bytree': np.float64(0.7734082950322968), 'gamma': np.float64(0.3720213214995577), 'learning_rate': np.float64(0.08274955293053174), 'max_depth': 4, 'min_child_weight': 5, 'n_estimators': 417, 'reg_alpha': np.float64(0.8359801205122058), 'reg_lambda': np.float64(2.391948412187396), 'subsample': np.float64(0.763581177765708)}",0.24074074074074073,0.33871301469066833,0.37079124579124584,0.30853735091023227,0.31225016118633137,0.29731766124171183,0.34149733913884855,0.20672268907563027,0.308323907670395,0.24353190668980143,0.35374401729195615,0.31717171717171716,0.24064171122994651,0.37363147605083086,0.3377951571664912,0.41460317460317464,0.31287582941560765,0.054755469028438156,13,0.9975050477037967,0.9960548371497161,0.9990610727797975,0.9968775296937061,0.9985312648980815,0.9975069777587612,0.9954953253974393,0.9968451070378048,0.9972863231087574,0.9974976524982778,0.9946174478453575,0.9990442591604828,0.9981033996591759,0.9973851582819643,0.9952183992982944,0.9959329827430378,0.9970601740634032,0.0012773747792954562
1.2709179818630219,0.039635322044898315,0.002656683325767517,0.0008278462890405819,0.6693177280283383,0.07821852133554302,0.08257044046773264,8,6,147,0.18286599710730733,2.8692279946794192,0.8553082375373402,"{'colsample_bytree': np.float64(0.6693177280283383), 'gamma': np.float64(0.07821852133554302), 'learning_rate': np.float64(0.08257044046773264), 'max_depth': 8, 'min_child_weight': 6, 'n_estimators': 147, 'reg_alpha': np.float64(0.18286599710730733), 'reg_lambda': np.float64(2.8692279946794192), 'subsample': np.float64(0.8553082375373402)}",0.24074074074074073,0.36287625418060204,0.3176733780760626,0.2931477093206951,0.329464861379755,0.3020300635363397,0.36451914098972926,0.1651778329197684,0.33888888888888885,0.2791666666666667,0.4945494186046512,0.25695260477869175,0.19732955216826187,0.36125374411638855,0.28827404479578395,0.40566037735849053,0.3123565799075948,0.07739397712630555,14,0.9994982704209336,0.9995278282124057,1.0,0.9983696013079828,1.0,1.0,1.0,1.0,1.0,1.0,0.9985170944146416,1.0,1.0,0.9983575068149664,1.0,0.9995252572624983,0.9996122224020894,0.0006046232670100475
0.9200348407030106,0.032728183568105765,0.0024233460426330566,0.0009741966997927483,0.8066785029706267,0.3285556642500834,0.1363451406165884,7,7,175,0.5660372104940763,1.317292895284982,0.6480658591222569,"{'colsample_bytree': np.float64(0.8066785029706267), 'gamma': np.float64(0.3285556642500834), 'learning_rate': np.float64(0.1363451406165884), 'max_depth': 7, 'min_child_weight': 7, 'n_estimators': 175, 'reg_alpha': np.float64(0.5660372104940763), 'reg_lambda': np.float64(1.317292895284982), 'subsample': np.float64(0.6480658591222569)}",0.24074074074074073,0.33871301469066833,0.3564463705308776,0.2882896685562535,0.33553553553553556,0.31592442645074226,0.3283453732370141,0.1757413709285367,0.3503607503607504,0.28504958047292145,0.608720112517581,0.27485380116959063,0.22766995800703668,0.3990740740740741,0.3051865424746781,0.38763197586726994,0.3261427059758919,0.0924027811379365,1,0.9994982704209336,0.9995278282124057,1.0,0.9995025206466622,0.9995108073095652,0.9980057657733313,1.0,0.9995061668031635,0.9995167159562376,1.0,1.0,0.9995223340777377,0.9995264579745227,0.9995135332219126,0.9995189154763849,0.9979719766459513,0.9994450807824256,0.0005874888909168976
3.4123162627220154,0.12177739810652526,0.0037646889686584473,0.0010435363372970994,0.7367518666865607,0.04589953290672094,0.03730552659788243,8,4,303,0.017161101831750236,2.526728846007822,0.9227651908203118,"{'colsample_bytree': np.float64(0.7367518666865607), 'gamma': np.float64(0.04589953290672094), 'learning_rate': np.float64(0.03730552659788243), 'max_depth': 8, 'min_child_weight': 4, 'n_estimators': 303, 'reg_alpha': np.float64(0.017161101831750236), 'reg_lambda': np.float64(2.526728846007822), 'subsample': np.float64(0.9227651908203118)}",0.24074074074074073,0.36906906906906906,0.3129251700680272,0.27700258397932814,0.3232973421926911,0.2847466259230965,0.3433092535259718,0.16458333333333333,0.35173718610251115,0.2852784134248665,0.5158371040723982,0.3045828437132785,0.24821746880570414,0.3335263462651998,0.29405371836671323,0.38838838838838835,0.3148309742482074,0.07399368238762034,8,1.0,1.0,1.0,1.0,1.0,1.0,1.0,1.0,1.0,1.0,1.0,1.0,1.0,1.0,1.0,1.0,1.0,0.0
0.9418600797653198,0.04689845097010068,0.0022873133420944214,0.0008317264754213654,0.7385217284357604,0.2323369064698057,0.19843436796640138,4,6,424,0.8866803872980475,1.521787246683428,0.6061218161161539,"{'colsample_bytree': np.float64(0.7385217284357604), 'gamma': np.float64(0.2323369064698057), 'learning_rate': np.float64(0.19843436796640138), 'max_depth': 4, 'min_child_weight': 6, 'n_estimators': 424, 'reg_alpha': np.float64(0.8866803872980475), 'reg_lambda': np.float64(1.521787246683428), 'subsample': np.float64(0.6061218161161539)}",0.2529715762273902,0.3201732467099783,0.3105022831050228,0.29925791306981675,0.32061443932411676,0.3484242005981136,0.32885535517114467,0.18159028593811202,0.36646225339892197,0.29124579124579125,0.30921619293712316,0.24597231676877696,0.24723785699395454,0.38431548957864753,0.3065134099616858,0.430976430976431,0.3090205651253142,0.05790017995863921,20,0.9994982704209336,0.9995278282124057,1.0,1.0,1.0,1.0,1.0,0.999506648280767,0.9995167159562376,1.0,0.999518753862411,1.0,1.0,0.9995135332219126,0.9995189154763849,1.0,0.9997875415894408,0.00024097601330929044
0.9839971214532852,0.041935574815238574,0.0026767104864120483,0.0011298214402980487,0.9733745232317932,0.2505199419576296,0.16641946003601812,7,4,115,0.07056874740042984,2.2848385564126312,0.6106045242166487,"{'colsample_bytree': np.float64(0.9733745232317932), 'gamma': np.float64(0.2505199419576296), 'learning_rate': np.float64(0.16641946003601812), 'max_depth': 7, 'min_child_weight': 4, 'n_estimators': 115, 'reg_alpha': np.float64(0.07056874740042984), 'reg_lambda': np.float64(2.2848385564126312), 'subsample': np.float64(0.6106045242166487)}",0.2529715762273902,0.3347131874630396,0.3444444444444445,0.32962806622578683,0.33387799564270154,0.3270680233653665,0.3552175587216018,0.1808987847647011,0.3226551226551227,0.27770146520146516,0.28431185057691083,0.31717171717171716,0.28763381321520853,0.32160666337881527,0.3487241189151251,0.34626436781609193,0.31030554723659304,0.043567965557810305,17,1.0,1.0,1.0,1.0,1.0,1.0,1.0,1.0,1.0,1.0,1.0,1.0,1.0,1.0,1.0,1.0,1.0,0.0
0.8704636842012405,0.023296629413458107,0.0020596981048583984,0.0007426565041585029,0.8343102325093853,0.4701151207124788,0.1768875115840049,4,3,479,0.12850035323391018,2.622408353472006,0.9282557902975821,"{'colsample_bytree': np.float64(0.8343102325093853), 'gamma': np.float64(0.4701151207124788), 'learning_rate': np.float64(0.1768875115840049), 'max_depth': 4, 'min_child_weight': 3, 'n_estimators': 479, 'reg_alpha': np.float64(0.12850035323391018), 'reg_lambda': np.float64(2.622408353472006), 'subsample': np.float64(0.9282557902975821)}",0.24074074074074073,0.3,0.3105022831050228,0.2882896685562535,0.3131752305665349,0.2885340116826833,0.36557811120917916,0.21450292397660817,0.3106322944722329,0.2791666666666667,0.3191133034925855,0.35241301907968575,0.23083548664944012,0.3077177599470593,0.340311986863711,0.4510582010582011,0.3070357305041628,0.0546744949385554,23,0.9994982704209336,0.9990553265628593,0.9995303634367597,0.9973745666239592,0.9990204556616061,0.998503062548837,0.9995138446122539,0.9980217567583448,0.9990330037535475,0.9975036440345281,0.998555133410799,0.9985670022332128,0.9985769380250531,0.9990266620186677,0.9968931316864671,0.998575771787495,0.9985780583484578,0.0007590528013996659
0.9790517389774323,0.03422601962650217,0.0024842768907546997,0.0013261237689016164,0.850375868040629,0.41021342188563403,0.1989305838387585,5,2,352,0.0944429607559284,2.366013546832714,0.6284754593840916,"{'colsample_bytree': np.float64(0.850375868040629), 'gamma': np.float64(0.41021342188563403), 'learning_rate': np.float64(0.1989305838387585), 'max_depth': 5, 'min_child_weight': 2, 'n_estimators': 352, 'reg_alpha': np.float64(0.0944429607559284), 'reg_lambda': np.float64(2.366013546832714), 'subsample': np.float64(0.6284754593840916)}",0.23875968992248062,0.3,0.3004694835680751,0.3136629452418926,0.3068713724021719,0.3270680233653665,0.3348631950573698,0.18628153099387287,0.3113603322949117,0.26343101343101344,0.5530492898913951,0.32371794871794873,0.2281045751633987,0.35548780487804876,0.3187972919155715,0.368149824032177,0.31437964505473087,0.07700021454590747,9,0.9994982704209336,1.0,1.0,0.9995025206466622,1.0,1.0,1.0,1.0,0.9995167159562376,1.0,1.0,0.9995223340777377,1.0,1.0,1.0,1.0,0.9998774900688482,0.0002122509637876218
0.9628701657056808,0.06065572829703319,0.0025604218244552612,0.0016547700841201335,0.7275902521175045,0.4224376554847273,0.016748861363389503,4,3,204,0.4960374542934062,2.385780717383879,0.739334641781279,"{'colsample_bytree': np.float64(0.7275902521175045), 'gamma': np.float64(0.4224376554847273), 'learning_rate': np.float64(0.016748861363389503), 'max_depth': 4, 'min_child_weight': 3, 'n_estimators': 204, 'reg_alpha': np.float64(0.4960374542934062), 'reg_lambda': np.float64(2.385780717383879), 'subsample': np.float64(0.739334641781279)}",0.24074074074074073,0.31746031746031744,0.3176733780760626,0.24545454545454545,0.3349077822762034,0.26666666666666666,0.3624701021961296,0.14198628397256796,0.317948717948718,0.2654625068418172,0.32300350368491,0.2482552342971087,0.22766995800703668,0.31746031746031744,0.25798212005108556,0.37825154196835614,0.28521210731891145,0.0575286136196469,49,0.6183288215998496,0.6197103696292027,0.6217854899236178,0.6426533023896107,0.6199965923170291,0.6154258401041298,0.6202587771835711,0.6253739784858642,0.6102846836150487,0.6085302355968113,0.6622718953923274,0.6140465144196143,0.6027230584431477,0.64377492716237,0.6362328575759556,0.6389856854984393,0.6250239393335368,0.015209513250246555
1.5891143530607224,0.05539709984372605,0.002607390284538269,0.0011898158207090856,0.9746592607422829,0.019593163337823127,0.13120434919751783,7,9,263,0.17743954377972282,2.5012295032817167,0.9227338957069056,"{'colsample_bytree': np.float64(0.9746592607422829), 'gamma': np.float64(0.019593163337823127), 'learning_rate': np.float64(0.13120434919751783), 'max_depth': 7, 'min_child_weight': 9, 'n_estimators': 263, 'reg_alpha': np.float64(0.17743954377972282), 'reg_lambda': np.float64(2.5012295032817167), 'subsample': np.float64(0.9227338957069056)}",0.24074074074074073,0.3429193899782135,0.3129251700680272,0.2766788766788767,0.3177196804647785,0.28303286024805013,0.37306482825350745,0.18719806763285027,0.3390432686207334,0.27770146520146516,0.33022533022533024,0.3391053391053391,0.2220032840722496,0.3265472978497261,0.3239348370927318,0.38888888888888884,0.3051080828200943,0.052463416898758025,28,1.0,1.0,1.0,1.0,1.0,1.0,1.0,1.0,1.0,1.0,1.0,1.0,1.0,1.0,1.0,1.0,1.0,0.0
1.4361664056777954,0.04606406695460878,0.0026088356971740723,0.0013122758163289401,0.9962020568002693,0.20630883845571324,0.1178852448799071,9,8,250,0.9307573256035647,2.7168255036860236,0.7715976109500073,"{'colsample_bytree': np.float64(0.9962020568002693), 'gamma': np.float64(0.20630883845571324), 'learning_rate': np.float64(0.1178852448799071), 'max_depth': 9, 'min_child_weight': 8, 'n_estimators': 250, 'reg_alpha': np.float64(0.9307573256035647), 'reg_lambda': np.float64(2.7168255036860236), 'subsample': np.float64(0.7715976109500073)}",0.24074074074074073,0.3572729638303409,0.3564463705308776,0.2795714849921011,0.32049191466231824,0.31459129106187933,0.3366174055829228,0.2013209198694995,0.3388211637551841,0.2702558228331424,0.3036493639149411,0.31717171717171716,0.22766995800703668,0.4118908382066277,0.3169129720853859,0.3689668927004388,0.3101494887465721,0.0535910760562055,18,0.9994982704209336,0.9995278282124057,0.9985091366764025,0.9983696013079828,1.0,1.0,0.9984818109270686,0.9995061668031635,0.997769180122645,1.0,1.0,1.0,0.9995264579745227,0.997871221732499,0.9990382485521665,0.9995252572624983,0.9992264487495179,0.0007588255566622412
0.5201550722122192,0.032411836441138646,0.0017277300357818604,0.0010623236492598403,0.9003484271165989,0.3772714370423412,0.03990592196242045,3,1,161,0.4965611906830777,1.779236172438407,0.7190540698037243,"{'colsample_bytree': np.float64(0.9003484271165989), 'gamma': np.float64(0.3772714370423412), 'learning_rate': np.float64(0.03990592196242045), 'max_depth': 3, 'min_child_weight': 1, 'n_estimators': 161, 'reg_alpha': np.float64(0.4965611906830777), 'reg_lambda': np.float64(1.779236172438407), 'subsample': np.float64(0.7190540698037243)}",0.24074074074074073,0.3137254901960784,0.3564463705308776,0.2710418984056359,0.329016476005468,0.2633744855967078,0.35185185185185186,0.15343915343915343,0.31808278867102396,0.27075702075702074,0.46614397719173206,0.23818646232439336,0.22685185185185186,0.3107597716293369,0.27607492550021284,0.3958564557898631,0.2988968575301218,0.07154176674677343,37,0.6593242078828719,0.6543605982643275,0.6437084981369224,0.6546738468233976,0.6460498024286335,0.6451802285189784,0.6447747511566531,0.6630421417393249,0.6288677601134498,0.6480728001167079,0.6737037441626184,0.6419858569740623,0.6223106928861544,0.6706771327098564,0.648824652648621,0.6679738766210787,0.6508456619489786,0.013663910068346862
